-- phpMyAdmin SQL Dump
-- version 4.7.9
-- https://www.phpmyadmin.net/
--
-- Host: localhost
-- Generation Time: Aug 24, 2018 at 11:38 AM
-- Server version: 10.1.31-MariaDB
-- PHP Version: 7.2.3

SET SQL_MODE = "NO_AUTO_VALUE_ON_ZERO";
SET AUTOCOMMIT = 0;
START TRANSACTION;
SET time_zone = "+00:00";


/*!40101 SET @OLD_CHARACTER_SET_CLIENT=@@CHARACTER_SET_CLIENT */;
/*!40101 SET @OLD_CHARACTER_SET_RESULTS=@@CHARACTER_SET_RESULTS */;
/*!40101 SET @OLD_COLLATION_CONNECTION=@@COLLATION_CONNECTION */;
/*!40101 SET NAMES utf8mb4 */;

--
-- Database: `dificam`
--

-- --------------------------------------------------------

--
-- Table structure for table `bobot`
--

CREATE TABLE `bobot` (
  `v0` double NOT NULL,
  `v1` double NOT NULL,
  `v2` double NOT NULL,
  `v3` double NOT NULL,
  `v4` double NOT NULL,
  `w` double NOT NULL
) ENGINE=InnoDB DEFAULT CHARSET=latin1;

--
-- Dumping data for table `bobot`
--

INSERT INTO `bobot` (`v0`, `v1`, `v2`, `v3`, `v4`, `w`) VALUES
(0.9467680675235385, 0.26789897433359644, 0.08315499327955174, 0.782170009712424, 0.2716777287084908, 2.375314432585846),
(0.7861029259218792, 1.01135311786818, 1.0298448365957922, 0.4580937707270474, 1.0163608219266331, 2.19944542590823),
(0.9485137342225364, 0.9892122064566029, 0.8999687182765188, 1.0381850272060984, 1.0646028561563956, 2.86116697445677),
(0.641439158147071, 0.1802070956510903, 1.09028586691424, 0.32533367291238574, 1.0562138104864434, 2.723277980455727),
(1.0515707799800393, 0.3739697928774682, 0.5894099970738343, 0.4045817594657007, 0.28299253241145655, 2.9957744535159168),
(0.582085745320701, 0.8314627514769711, 0.5614860918420995, 0.9980224754005578, 0.7241077971422036, 2.3225772596447682);

-- --------------------------------------------------------

--
-- Table structure for table `min_max`
--

CREATE TABLE `min_max` (
  `id_minmax` int(11) NOT NULL,
  `min_m` double NOT NULL,
  `max_m` double NOT NULL,
  `min_v` double NOT NULL,
  `max_v` double NOT NULL,
  `min_s` double NOT NULL,
  `max_s` double NOT NULL,
  `min_k` double NOT NULL,
  `max_k` double NOT NULL,
  `min_e` double NOT NULL,
  `max_e` double NOT NULL
) ENGINE=InnoDB DEFAULT CHARSET=latin1;

--
-- Dumping data for table `min_max`
--

INSERT INTO `min_max` (`id_minmax`, `min_m`, `max_m`, `min_v`, `max_v`, `min_s`, `max_s`, `min_k`, `max_k`, `min_e`, `max_e`) VALUES
(1, 136.905, 148.611, 7654.64, 8499.29, -0.000000392866, 0.0000127909, 0.0000000209611, 0.000000373771, 27.9332, 29.2283);

-- --------------------------------------------------------

--
-- Table structure for table `tbl_coba`
--

CREATE TABLE `tbl_coba` (
  `id` varchar(20) NOT NULL,
  `id_pengguna` varchar(11) NOT NULL,
  `mean` double NOT NULL,
  `variance` double NOT NULL,
  `skewness` double NOT NULL,
  `kurtosis` double NOT NULL,
  `entrophy` double NOT NULL
) ENGINE=InnoDB DEFAULT CHARSET=latin1;

--
-- Dumping data for table `tbl_coba`
--

INSERT INTO `tbl_coba` (`id`, `id_pengguna`, `mean`, `variance`, `skewness`, `kurtosis`, `entrophy`) VALUES
('1', '1', 146.324, 8332.22, 0.000011374, 0.000000313204, 29.273),
('2', '1', 146.217, 8323.79, 0.0000113836, 0.000000313511, 29.2721),
('3', '1', 146.017, 8323.66, 0.0000113585, 0.000000312805, 29.2577),
('4', '1', 146.078, 8331.07, 0.0000113464, 0.000000312442, 29.2667),
('5', '1', 146.126, 8330.54, 0.0000113549, 0.000000312719, 29.2704),
('6', '2', 145.844, 8124, 0.0000120446, 0.00000033856, 29.1339),
('7', '2', 145.54, 8106.89, 0.00001206, 0.000000339266, 29.1048),
('8', '2', 145.63, 8104.43, 0.000012085, 0.000000340216, 29.1152),
('9', '2', 147.354, 8180.98, 0.0000120496, 0.000000337493, 29.3031),
('10', '2', 146.344, 8137.33, 0.0000120649, 0.000000338869, 29.1933),
('11', '1', 146.027, 8314.94, 0.0000113913, 0.000000314046, 29.2576),
('12', '1', 146.286, 8331.79, 0.0000113709, 0.000000313143, 29.276),
('13', '1', 146.404, 8311.5, 0.0000114621, 0.000000316637, 29.2946),
('14', '1', 146.404, 8311.5, 0.0000114621, 0.000000316637, 29.2946),
('15', '1', 147.314, 8322.59, 0.0000115455, 0.000000318812, 29.0943),
('16', '2', 146.646, 8145.93, 0.0000120746, 0.000000338919, 29.2316),
('17', '2', 146.358, 8161.52, 0.000011972, 0.000000335239, 29.2544),
('18', '2', 147.099, 8235.17, 0.000011819, 0.000000329137, 29.3519),
('19', '2', 147.357, 8186.45, 0.0000120323, 0.000000336883, 29.2893),
('20', '2', 146.972, 8210.86, 0.0000118822, 0.000000331422, 29.3259),
('21', '3', 146.465, 8297.3, 0.0000115085, 0.000000317804, 29.0004),
('22', '3', 146.36, 8291.82, 0.0000115094, 0.000000317809, 28.9778),
('23', '3', 146.536, 8287.07, 0.0000115522, 0.0000003193, 28.9843),
('24', '3', 146.562, 8294.14, 0.0000115283, 0.000000318301, 28.9758),
('25', '3', 146.423, 8308.66, 0.0000114625, 0.000000316109, 28.9881),
('26', '3', 146.486, 8297.82, 0.0000115049, 0.000000317511, 28.9673),
('27', '3', 145.871, 8253.31, 0.0000115768, 0.000000320676, 28.8377),
('28', '3', 146.32, 8288.71, 0.0000115155, 0.000000318088, 28.9961),
('29', '3', 146.139, 8289.49, 0.0000114877, 0.000000317197, 28.9858),
('30', '3', 146.243, 8288.96, 0.0000115037, 0.000000317708, 28.9691),
('31', '4', 145.575, 8225.25, 0.0000116537, 0.000000324094, 28.9692),
('32', '4', 145.008, 8206.53, 0.0000116371, 0.000000323856, 28.9224),
('33', '4', 145.09, 8177.22, 0.0000117508, 0.000000327956, 28.9075),
('34', '4', 145.075, 8216.3, 0.0000116113, 0.000000322818, 28.9509),
('35', '4', 145.079, 8220.75, 0.0000115946, 0.000000322138, 28.9514),
('36', '4', 144.926, 8211.37, 0.0000116063, 0.000000322697, 28.945),
('37', '4', 143.925, 8103.55, 0.0000118456, 0.000000332139, 28.5922),
('38', '4', 143.646, 8087.89, 0.0000118648, 0.000000333119, 28.5633),
('39', '4', 144.076, 8121.26, 0.0000118092, 0.000000330802, 28.5948),
('40', '4', 143.89, 8144.64, 0.0000116989, 0.000000326811, 28.5777),
('41', '5', 139.02, 8193.9, 0.0000108925, 0.000000300978, 28.6369),
('42', '5', 140.936, 8270.95, 0.0000108829, 0.000000299099, 28.9164),
('43', '5', 140.671, 8256.83, -0.000000237154, 0.0000000209497, 28.8913),
('44', '5', 139.965, 8243.83, 0.0000108509, 0.00000029876, 28.8103),
('45', '5', 140.639, 8221.46, 0.0000110133, 0.000000304341, 28.8609),
('46', '5', 141.158, 8200.22, 0.0000111547, 0.000000309248, 28.8854),
('47', '5', 141.138, 8120.98, 0.0000114177, 0.00000031888, 28.8616),
('48', '5', 141.873, 7644.48, 0.0000133837, 0.000000393318, 28.5409),
('49', '5', 143.491, 7789.14, 0.0000130328, 0.000000378478, 28.8456),
('50', '5', 144.99, 7930.13, 0.0000126959, 0.000000364445, 29.0149),
('51', '6', 139.839, 8063.26, 0.0000114178, 0.000000320162, 28.1279),
('52', '6', 139.85, 8053.47, 0.0000114542, 0.000000321395, 28.1462),
('53', '6', 140.212, 8146.66, 0.0000111867, 0.000000311185, 28.1815),
('54', '6', 139.998, 8111.96, 0.0000112798, 0.00000031496, 28.1742),
('55', '6', 140.125, 8126.92, 0.0000112437, 0.000000313387, 28.098),
('56', '6', 139.547, 8064.6, -0.000000237061, 0.0000000230569, 28.0666),
('57', '6', 139.6, 8084.53, 0.0000113163, 0.00000031661, 28.1906),
('58', '6', 139.648, 7961.83, 0.0000117503, 0.000000332716, 28.2494),
('59', '6', 139.845, 7981.17, 0.0000117117, 0.000000331161, 28.2386),
('60', '6', 139.785, 7963.4, 0.0000117657, 0.000000333185, 28.1958),
('61', '7', 138.064, 7832.98, 0.0000120029, 0.00000034374, 28.1595),
('62', '7', 138.186, 7818.2, 0.0000120721, 0.000000346144, 28.165),
('63', '7', 138.083, 7791.99, 0.0000121594, 0.000000349612, 28.1411),
('64', '7', 137.474, 7749.85, 0.0000122296, 0.000000352891, 28.1401),
('65', '7', 138.112, 7727.79, 0.0000124221, 0.000000359973, 28.1564),
('66', '7', 137.974, 7749.75, 0.0000123136, 0.000000355883, 28.1653),
('67', '7', 138.059, 7715.43, 0.0000124595, 0.000000361322, 28.1658),
('68', '7', 139.978, 7849.67, 0.000012221, 0.000000350182, 28.212),
('69', '7', 140.087, 7870.41, 0.0000121566, 0.000000347594, 28.2167),
('70', '7', 140.241, 7867.82, 0.0000121904, 0.000000348796, 28.2494),
('71', '8', 137.85, 8313.08, 0.0000103546, 0.000000281932, 28.405),
('72', '8', 136.727, 8328.99, 0.0000101785, 0.000000276597, 28.3873),
('73', '8', 138.126, 8342.33, 0.0000103036, 0.000000280017, 28.4113),
('74', '8', 137.176, 8338.44, 0.0000101988, 0.000000276863, 28.3977),
('75', '8', 136.859, 8326.43, 0.0000101897, 0.0000002766, 28.3297),
('76', '8', 139.923, 8356.21, 0.0000104604, 0.000000283852, 28.6722),
('77', '8', 135.614, 8304.14, 0.0000101059, 0.00000027443, 28.1066),
('78', '8', 139.916, 8367.15, -0.00000022871, 0.0000000201829, 28.5857),
('79', '8', 139.218, 8338.03, 0.0000104322, 0.000000283358, 28.5674),
('80', '8', 139.038, 8360.97, 0.0000103438, 0.000000280396, 28.5399),
('81', '9', 141.77, 7940.56, 0.000012158, 0.00000034598, 28.4125),
('82', '9', 141.328, 7937.81, 0.0000120946, 0.000000343711, 28.4782),
('83', '9', 141.525, 7966.11, 0.0000120191, 0.000000340731, 28.4589),
('84', '9', 141.233, 7977.8, 0.0000119327, 0.000000337726, 28.4285),
('85', '9', 141.355, 7964.34, 0.0000120005, 0.000000340199, 28.4416),
('86', '9', 141.24, 7950.18, 0.0000120379, 0.000000341757, 28.48),
('87', '9', 141.249, 7985.29, 0.0000119067, 0.000000336729, 28.4883),
('88', '9', 143.453, 8102.11, 0.0000118, 0.000000331123, 28.781),
('89', '9', 143.557, 8088.21, 0.0000118648, 0.000000333419, 28.7488),
('90', '9', 143.39, 8074.23, 0.0000118932, 0.000000334639, 28.7402),
('91', '10', 136.659, 8533.85, 0.00000957977, 0.000000255594, 29.1864),
('92', '10', 136.842, 8522.58, 0.00000963124, 0.000000257263, 29.1479),
('93', '10', 137.014, 8474.32, 0.00000977983, 0.000000262232, 29.0152),
('94', '10', 137.288, 8511.96, 0.00000971278, 0.00000025993, 29.155),
('95', '10', 137.385, 8528.68, 0.00000967954, 0.000000258693, 29.1329),
('96', '10', 136.932, 8499.25, 0.00000969993, 0.000000259375, 28.9808),
('97', '10', 136.933, 8524.06, 0.00000962958, 0.000000256802, 28.9891),
('98', '10', 0, 0, 0, 0, 0),
('99', '10', 141.184, 8519.6, 0.0000101332, 0.000000271714, 29.3568),
('100', '10', 141.232, 8527.32, 0.0000101173, 0.000000271124, 29.3563),
('101', '10', 141.926, 8561.25, 0.0000101059, 0.000000270487, 29.5654);

-- --------------------------------------------------------

--
-- Table structure for table `tbl_pelatihan`
--

CREATE TABLE `tbl_pelatihan` (
  `id` int(20) NOT NULL,
  `id_pengguna` varchar(11) NOT NULL,
  `mean` double NOT NULL,
  `variance` double NOT NULL,
  `skewness` double NOT NULL,
  `kurtosis` double NOT NULL,
  `entrophy` double NOT NULL
) ENGINE=InnoDB DEFAULT CHARSET=latin1;

--
-- Dumping data for table `tbl_pelatihan`
--

INSERT INTO `tbl_pelatihan` (`id`, `id_pengguna`, `mean`, `variance`, `skewness`, `kurtosis`, `entrophy`) VALUES
(1, '1', 147.779, 8309.73, 0.0000116497, 0.000000322189, 29.1345),
(2, '1', 147.569, 8313.9, 0.0000116017, 0.00000032045, 29.1321),
(3, '1', 147.443, 8304.68, -0.000000392866, 0.0000000219481, 29.129),
(4, '1', 147.52, 8307.68, 0.0000116232, 0.000000321474, 29.1249),
(5, '1', 147.485, 8303.35, 0.0000116326, 0.000000321829, 29.1262),
(6, '2', 147.038, 8073.64, 0.0000124102, 0.000000351299, 29.0348),
(7, '2', 146.716, 8069.52, 0.0000123745, 0.000000350113, 29.0157),
(8, '2', 146.749, 8068.31, 0.0000123856, 0.000000350557, 29.0205),
(9, '2', 148.611, 8149.87, 0.0000123487, 0.000000347618, 29.2283),
(10, '2', 147.592, 8104.67, 0.0000123719, 0.000000349369, 29.1109),
(11, '3', 148.048, 8256.41, 0.0000118724, 0.000000330022, 28.8529),
(12, '3', 147.837, 8242.92, 0.0000118872, 0.000000330626, 28.8227),
(13, '3', 148.124, 8240.34, 0.0000119392, 0.000000332373, 28.8344),
(14, '3', 148.079, 8251.38, 0.00001189, 0.000000330481, 28.8227),
(15, '3', 147.928, 8248.44, 0.0000118826, 0.000000330448, 28.8324),
(16, '4', 146.651, 8194.38, 0.0000119167, 0.000000333013, 28.8099),
(17, '4', 145.806, 8170.68, 0.0000118777, 0.000000332133, 28.756),
(18, '4', 146.092, 8141.5, 0.0000120265, 0.000000337487, 28.7342),
(19, '4', 146.07, 8175.82, -0.000000360391, 0.0000000223384, 28.7783),
(20, '4', 146.081, 8187.07, 0.0000118576, 0.000000331156, 28.7551),
(21, '5', 139.661, 8175.62, 0.0000110417, 0.000000305983, 28.5585),
(22, '5', 141.742, 8255.94, 0.0000110414, 0.000000304307, 28.8513),
(23, '5', 141.563, 8245.9, -0.000000251708, 0.0000000209611, 28.824),
(24, '5', 140.688, 8237.88, 0.0000109673, 0.000000302451, 28.7274),
(25, '5', 141.661, 8200.03, 0.0000112241, 0.000000311279, 28.7407),
(26, '6', 140.363, 8051.37, 0.0000115348, 0.000000323937, 27.9769),
(27, '6', 140.252, 8046.7, 0.0000115369, 0.000000323992, 28.0033),
(28, '6', 140.596, 8164.36, 0.0000111819, 0.000000310564, 28.0458),
(29, '6', 140.462, 8109.27, 0.0000113554, 0.000000317255, 28.0352),
(30, '6', 140.675, 8132.92, 0.0000113008, 0.000000314928, 27.9674),
(31, '7', 138.537, 7786.35, 0.0000122558, 0.000000352998, 27.9512),
(32, '7', 138.618, 7758.91, 0.0000123712, 0.000000357252, 27.9578),
(33, '7', 138.5, 7726.72, 0.0000124833, 0.000000361717, 27.9332),
(34, '7', 137.849, 7684.17, 0.0000125502, 0.000000364887, 27.9373),
(35, '7', 138.568, 7654.64, 0.0000127909, 0.000000373771, 27.9626),
(36, '8', 138.277, 8296.85, 0.0000104596, 0.000000285407, 28.2718),
(37, '8', 137.225, 8302.1, 0.0000103225, 0.000000281432, 28.2228),
(38, '8', 138.611, 8322.07, 0.0000104287, 0.000000284216, 28.2535),
(39, '8', 137.652, 8325.08, 0.0000102993, 0.000000280137, 28.2377),
(40, '8', 137.282, 8297.73, 0.0000103321, 0.000000281475, 28.1755),
(41, '9', 142.247, 7867.8, 0.0000125172, 0.000000359295, 28.2078),
(42, '9', 141.836, 7865.58, 0.000012454, 0.000000356955, 28.262),
(43, '9', 141.936, 7889.48, 0.0000123774, 0.000000354001, 28.2433),
(44, '9', 141.655, 7906.36, 0.0000122686, 0.000000350071, 28.2139),
(45, '9', 141.754, 7875.88, 0.0000124044, 0.000000355258, 28.2397),
(46, '10', 136.905, 8499.29, 0.00000970694, 0.000000260023, 29.1006),
(47, '10', 137.184, 8487.63, 0.00000977121, 0.000000262088, 29.0659),
(48, '10', 137.29, 8455.43, 0.00000986956, 0.000000265346, 28.9337),
(49, '10', 137.406, 8471.02, 0.00000984415, 0.000000264575, 29.0808),
(50, '10', 137.733, 8491.7, 0.00000982631, 0.000000263751, 29.0377);

-- --------------------------------------------------------

--
-- Table structure for table `tbl_pengguna`
--

CREATE TABLE `tbl_pengguna` (
  `id_pengguna` varchar(11) NOT NULL,
  `nama` text,
  `tgl_lahir` date DEFAULT NULL,
  `jk` text,
  `alamat` text
) ENGINE=InnoDB DEFAULT CHARSET=latin1;

--
-- Dumping data for table `tbl_pengguna`
--

INSERT INTO `tbl_pengguna` (`id_pengguna`, `nama`, `tgl_lahir`, `jk`, `alamat`) VALUES
('1', 'Citra Nadya Ulfa', '0000-00-00', 'Perempuan', 'Taluk Kuantan'),
('10', 'Rengga Harsya Abdillah', '0000-00-00', 'Laki - Laki', 'Palembang'),
('2', 'Henny Pratiwi', '0000-00-00', 'Perempuan', 'Rengat'),
('3', 'Hijriah', '0000-00-00', 'Perempuan', 'Bagan Batu'),
('4', 'Ulfah Adzkia', '0000-00-00', 'Perempuan', 'Padang Panjang'),
('5', 'Lukmanul Hakim', '0000-00-00', 'Laki - Laki ', 'Tembilahan'),
('6', 'Salahuddin Firmansyah', '0000-00-00', 'Laki- Laki', 'Tapung'),
('7', 'Joni Saputra', '0000-00-00', 'Laki - laki', 'Pelalawan'),
('8', 'Ali Iqbal', '0000-00-00', 'Laki - laki', 'Bukittinggi'),
('9', 'Muhammad Iqbal', '0000-00-00', 'Laki - Laki', 'Bukittinggi');

-- --------------------------------------------------------

--
-- Table structure for table `temp_y`
--

CREATE TABLE `temp_y` (
  `id_y` int(11) NOT NULL,
  `y` double NOT NULL,
  `t` int(11) NOT NULL
) ENGINE=InnoDB DEFAULT CHARSET=latin1;

--
-- Dumping data for table `temp_y`
--

INSERT INTO `temp_y` (`id_y`, `y`, `t`) VALUES
(1, 0.9999997249522664, 1),
(2, 0.9999997229345142, 1),
(3, 0.9999994970605777, 1),
(4, 0.9999997222493965, 1),
(5, 0.9999997219147095, 1),
(6, 0.9999997115500671, 2),
(7, 0.9999997070595293, 2),
(8, 0.9999997076668068, 2),
(9, 0.9999997338642148, 2),
(10, 0.9999997205184972, 2),
(11, 0.9999997159194848, 3),
(12, 0.9999997122273416, 3),
(13, 0.9999997156924012, 3),
(14, 0.9999997148000862, 3),
(15, 0.9999997137025802, 3),
(16, 0.9999996979048409, 4),
(17, 0.9999996833265393, 4),
(18, 0.9999996855928543, 4),
(19, 0.9999992895050113, 4),
(20, 0.9999996873339126, 4),
(21, 0.9999995213392769, 5),
(22, 0.9999996205938849, 5),
(23, 0.9999989715864197, 5),
(24, 0.999999580824441, 5),
(25, 0.999999606101384, 5),
(26, 0.9999994197738731, 6),
(27, 0.999999420461075, 6),
(28, 0.9999994583153452, 6),
(29, 0.9999994452350498, 6),
(30, 0.9999994407845213, 6),
(31, 0.9999992639168918, 7),
(32, 0.9999992695416766, 7),
(33, 0.9999992461283741, 7),
(34, 0.9999991831269885, 7),
(35, 0.99999925757634, 7),
(36, 0.9999994101381204, 8),
(37, 0.9999993354967894, 8),
(38, 0.9999994261137377, 8),
(39, 0.9999993691859996, 8),
(40, 0.999999322201774, 8),
(41, 0.9999995398758358, 9),
(42, 0.9999995338070964, 9),
(43, 0.9999995352999033, 9),
(44, 0.9999995206106249, 9),
(45, 0.9999995276664405, 9),
(46, 0.999999526874191, 10),
(47, 0.9999995307754822, 10),
(48, 0.999999512585559, 10),
(49, 0.9999995391598134, 10),
(50, 0.9999995455525663, 10);

--
-- Indexes for dumped tables
--

--
-- Indexes for table `min_max`
--
ALTER TABLE `min_max`
  ADD PRIMARY KEY (`id_minmax`);

--
-- Indexes for table `tbl_pengguna`
--
ALTER TABLE `tbl_pengguna`
  ADD PRIMARY KEY (`id_pengguna`);

--
-- Indexes for table `temp_y`
--
ALTER TABLE `temp_y`
  ADD PRIMARY KEY (`id_y`);

--
-- AUTO_INCREMENT for dumped tables
--

--
-- AUTO_INCREMENT for table `min_max`
--
ALTER TABLE `min_max`
  MODIFY `id_minmax` int(11) NOT NULL AUTO_INCREMENT, AUTO_INCREMENT=2;

--
-- AUTO_INCREMENT for table `temp_y`
--
ALTER TABLE `temp_y`
  MODIFY `id_y` int(11) NOT NULL AUTO_INCREMENT, AUTO_INCREMENT=51;
COMMIT;

/*!40101 SET CHARACTER_SET_CLIENT=@OLD_CHARACTER_SET_CLIENT */;
/*!40101 SET CHARACTER_SET_RESULTS=@OLD_CHARACTER_SET_RESULTS */;
/*!40101 SET COLLATION_CONNECTION=@OLD_COLLATION_CONNECTION */;
