-- phpMyAdmin SQL Dump
-- version 4.7.9
-- https://www.phpmyadmin.net/
--
-- Host: localhost
-- Generation Time: Sep 05, 2018 at 09:36 AM
-- Server version: 10.1.31-MariaDB
-- PHP Version: 7.2.3

SET SQL_MODE = "NO_AUTO_VALUE_ON_ZERO";
SET AUTOCOMMIT = 0;
START TRANSACTION;
SET time_zone = "+00:00";


/*!40101 SET @OLD_CHARACTER_SET_CLIENT=@@CHARACTER_SET_CLIENT */;
/*!40101 SET @OLD_CHARACTER_SET_RESULTS=@@CHARACTER_SET_RESULTS */;
/*!40101 SET @OLD_COLLATION_CONNECTION=@@COLLATION_CONNECTION */;
/*!40101 SET NAMES utf8mb4 */;

--
-- Database: `dificam`
--

-- --------------------------------------------------------

--
-- Table structure for table `bobot`
--

CREATE TABLE `bobot` (
  `v0` double NOT NULL,
  `v1` double NOT NULL,
  `v2` double NOT NULL,
  `v3` double NOT NULL,
  `v4` double NOT NULL,
  `w` double NOT NULL
) ENGINE=InnoDB DEFAULT CHARSET=latin1;

--
-- Dumping data for table `bobot`
--

INSERT INTO `bobot` (`v0`, `v1`, `v2`, `v3`, `v4`, `w`) VALUES
(0.4, 0.4, 0.6, 0.4, 0.9, 1.3),
(0.1, 0.3, 0.9, 0.1, 0.9, 1.1),
(0.7, 0.6, 0.8, 0.4, 0.4, 1.2),
(1, 0.4, 0.6, 0.8, 0.4, 1),
(0.9, 0.7, 0.7, 0.7, 0.8, 1.1),
(0.1, 0.9, 0.3, 0.5, 0.9, 1.7);

-- --------------------------------------------------------

--
-- Table structure for table `min_max`
--

CREATE TABLE `min_max` (
  `id_minmax` int(11) NOT NULL,
  `min_m` double NOT NULL,
  `max_m` double NOT NULL,
  `min_v` double NOT NULL,
  `max_v` double NOT NULL,
  `min_s` double NOT NULL,
  `max_s` double NOT NULL,
  `min_k` double NOT NULL,
  `max_k` double NOT NULL,
  `min_e` double NOT NULL,
  `max_e` double NOT NULL
) ENGINE=InnoDB DEFAULT CHARSET=latin1;

--
-- Dumping data for table `min_max`
--

INSERT INTO `min_max` (`id_minmax`, `min_m`, `max_m`, `min_v`, `max_v`, `min_s`, `max_s`, `min_k`, `max_k`, `min_e`, `max_e`) VALUES
(1, 136.066, 148.673, 7642.4, 8507.12, -0.000000392866, 0.000013542, 0.0000000209611, 0.000000397198, 27.8919, 29.2513);

-- --------------------------------------------------------

--
-- Table structure for table `tbl_cob`
--

CREATE TABLE `tbl_cob` (
  `id` varchar(20) NOT NULL,
  `id_pengguna` varchar(11) NOT NULL,
  `mean` double NOT NULL,
  `variance` double NOT NULL,
  `skewness` double NOT NULL,
  `kurtosis` double NOT NULL,
  `entrophy` double NOT NULL
) ENGINE=InnoDB DEFAULT CHARSET=latin1;

--
-- Dumping data for table `tbl_cob`
--

INSERT INTO `tbl_cob` (`id`, `id_pengguna`, `mean`, `variance`, `skewness`, `kurtosis`, `entrophy`) VALUES
('1', '1', 146.324, 8332.22, 0.000011374, 0.000000313204, 29.273),
('2', '1', 146.217, 8323.79, 0.0000113836, 0.000000313511, 29.2721),
('3', '1', 146.017, 8323.66, 0.0000113585, 0.000000312805, 29.2577),
('4', '1', 146.078, 8331.07, 0.0000113464, 0.000000312442, 29.2667),
('5', '1', 146.126, 8330.54, 0.0000113549, 0.000000312719, 29.2704),
('6', '2', 145.844, 8124, 0.0000120446, 0.00000033856, 29.1339),
('7', '2', 145.54, 8106.89, 0.00001206, 0.000000339266, 29.1048),
('8', '2', 145.63, 8104.43, 0.000012085, 0.000000340216, 29.1152),
('9', '2', 147.354, 8180.98, 0.0000120496, 0.000000337493, 29.3031),
('10', '2', 146.344, 8137.33, 0.0000120649, 0.000000338869, 29.1933),
('11', '1', 146.027, 8314.94, 0.0000113913, 0.000000314046, 29.2576),
('12', '1', 146.286, 8331.79, 0.0000113709, 0.000000313143, 29.276),
('13', '1', 146.404, 8311.5, 0.0000114621, 0.000000316637, 29.2946),
('14', '1', 146.404, 8311.5, 0.0000114621, 0.000000316637, 29.2946),
('15', '1', 147.314, 8322.59, 0.0000115455, 0.000000318812, 29.0943),
('16', '2', 146.646, 8145.93, 0.0000120746, 0.000000338919, 29.2316),
('17', '2', 146.358, 8161.52, 0.000011972, 0.000000335239, 29.2544),
('18', '2', 147.099, 8235.17, 0.000011819, 0.000000329137, 29.3519),
('19', '2', 147.357, 8186.45, 0.0000120323, 0.000000336883, 29.2893),
('20', '2', 146.972, 8210.86, 0.0000118822, 0.000000331422, 29.3259),
('21', '3', 146.465, 8297.3, 0.0000115085, 0.000000317804, 29.0004),
('22', '3', 146.36, 8291.82, 0.0000115094, 0.000000317809, 28.9778),
('23', '3', 146.536, 8287.07, 0.0000115522, 0.0000003193, 28.9843),
('24', '3', 146.562, 8294.14, 0.0000115283, 0.000000318301, 28.9758),
('25', '3', 146.423, 8308.66, 0.0000114625, 0.000000316109, 28.9881),
('26', '3', 146.486, 8297.82, 0.0000115049, 0.000000317511, 28.9673),
('27', '3', 145.871, 8253.31, 0.0000115768, 0.000000320676, 28.8377),
('28', '3', 146.32, 8288.71, 0.0000115155, 0.000000318088, 28.9961),
('29', '3', 146.139, 8289.49, 0.0000114877, 0.000000317197, 28.9858),
('30', '3', 146.243, 8288.96, 0.0000115037, 0.000000317708, 28.9691),
('31', '4', 145.575, 8225.25, 0.0000116537, 0.000000324094, 28.9692),
('32', '4', 145.008, 8206.53, 0.0000116371, 0.000000323856, 28.9224),
('33', '4', 145.09, 8177.22, 0.0000117508, 0.000000327956, 28.9075),
('34', '4', 145.075, 8216.3, 0.0000116113, 0.000000322818, 28.9509),
('35', '4', 145.079, 8220.75, 0.0000115946, 0.000000322138, 28.9514),
('36', '4', 144.926, 8211.37, 0.0000116063, 0.000000322697, 28.945),
('37', '4', 143.925, 8103.55, 0.0000118456, 0.000000332139, 28.5922),
('38', '4', 143.646, 8087.89, 0.0000118648, 0.000000333119, 28.5633),
('39', '4', 144.076, 8121.26, 0.0000118092, 0.000000330802, 28.5948),
('40', '4', 143.89, 8144.64, 0.0000116989, 0.000000326811, 28.5777),
('41', '5', 139.02, 8193.9, 0.0000108925, 0.000000300978, 28.6369),
('42', '5', 140.936, 8270.95, 0.0000108829, 0.000000299099, 28.9164),
('43', '5', 140.671, 8256.83, -0.000000237154, 0.0000000209497, 28.8913),
('44', '5', 139.965, 8243.83, 0.0000108509, 0.00000029876, 28.8103),
('45', '5', 140.639, 8221.46, 0.0000110133, 0.000000304341, 28.8609),
('46', '5', 141.158, 8200.22, 0.0000111547, 0.000000309248, 28.8854),
('47', '5', 141.138, 8120.98, 0.0000114177, 0.00000031888, 28.8616),
('48', '5', 141.873, 7644.48, 0.0000133837, 0.000000393318, 28.5409),
('49', '5', 143.491, 7789.14, 0.0000130328, 0.000000378478, 28.8456),
('50', '5', 144.99, 7930.13, 0.0000126959, 0.000000364445, 29.0149),
('51', '6', 139.839, 8063.26, 0.0000114178, 0.000000320162, 28.1279),
('52', '6', 139.85, 8053.47, 0.0000114542, 0.000000321395, 28.1462),
('53', '6', 140.212, 8146.66, 0.0000111867, 0.000000311185, 28.1815),
('54', '6', 139.998, 8111.96, 0.0000112798, 0.00000031496, 28.1742),
('55', '6', 140.125, 8126.92, 0.0000112437, 0.000000313387, 28.098),
('56', '6', 139.547, 8064.6, -0.000000237061, 0.0000000230569, 28.0666),
('57', '6', 139.6, 8084.53, 0.0000113163, 0.00000031661, 28.1906),
('58', '6', 139.648, 7961.83, 0.0000117503, 0.000000332716, 28.2494),
('59', '6', 139.845, 7981.17, 0.0000117117, 0.000000331161, 28.2386),
('60', '6', 139.785, 7963.4, 0.0000117657, 0.000000333185, 28.1958),
('61', '7', 138.064, 7832.98, 0.0000120029, 0.00000034374, 28.1595),
('62', '7', 138.186, 7818.2, 0.0000120721, 0.000000346144, 28.165),
('63', '7', 138.083, 7791.99, 0.0000121594, 0.000000349612, 28.1411),
('64', '7', 137.474, 7749.85, 0.0000122296, 0.000000352891, 28.1401),
('65', '7', 138.112, 7727.79, 0.0000124221, 0.000000359973, 28.1564),
('66', '7', 137.974, 7749.75, 0.0000123136, 0.000000355883, 28.1653),
('67', '7', 138.059, 7715.43, 0.0000124595, 0.000000361322, 28.1658),
('68', '7', 139.978, 7849.67, 0.000012221, 0.000000350182, 28.212),
('69', '7', 140.087, 7870.41, 0.0000121566, 0.000000347594, 28.2167),
('70', '7', 140.241, 7867.82, 0.0000121904, 0.000000348796, 28.2494),
('71', '8', 137.85, 8313.08, 0.0000103546, 0.000000281932, 28.405),
('72', '8', 136.727, 8328.99, 0.0000101785, 0.000000276597, 28.3873),
('73', '8', 138.126, 8342.33, 0.0000103036, 0.000000280017, 28.4113),
('74', '8', 137.176, 8338.44, 0.0000101988, 0.000000276863, 28.3977),
('75', '8', 136.859, 8326.43, 0.0000101897, 0.0000002766, 28.3297),
('76', '8', 139.923, 8356.21, 0.0000104604, 0.000000283852, 28.6722),
('77', '8', 135.614, 8304.14, 0.0000101059, 0.00000027443, 28.1066),
('78', '8', 139.916, 8367.15, -0.00000022871, 0.0000000201829, 28.5857),
('79', '8', 139.218, 8338.03, 0.0000104322, 0.000000283358, 28.5674),
('80', '8', 139.038, 8360.97, 0.0000103438, 0.000000280396, 28.5399),
('81', '9', 141.77, 7940.56, 0.000012158, 0.00000034598, 28.4125),
('82', '9', 141.328, 7937.81, 0.0000120946, 0.000000343711, 28.4782),
('83', '9', 141.525, 7966.11, 0.0000120191, 0.000000340731, 28.4589),
('84', '9', 141.233, 7977.8, 0.0000119327, 0.000000337726, 28.4285),
('85', '9', 141.355, 7964.34, 0.0000120005, 0.000000340199, 28.4416),
('86', '9', 141.24, 7950.18, 0.0000120379, 0.000000341757, 28.48),
('87', '9', 141.249, 7985.29, 0.0000119067, 0.000000336729, 28.4883),
('88', '9', 143.453, 8102.11, 0.0000118, 0.000000331123, 28.781),
('89', '9', 143.557, 8088.21, 0.0000118648, 0.000000333419, 28.7488),
('90', '9', 143.39, 8074.23, 0.0000118932, 0.000000334639, 28.7402),
('91', '10', 136.659, 8533.85, 0.00000957977, 0.000000255594, 29.1864),
('92', '10', 136.842, 8522.58, 0.00000963124, 0.000000257263, 29.1479),
('93', '10', 137.014, 8474.32, 0.00000977983, 0.000000262232, 29.0152),
('94', '10', 137.288, 8511.96, 0.00000971278, 0.00000025993, 29.155),
('95', '10', 137.385, 8528.68, 0.00000967954, 0.000000258693, 29.1329),
('96', '10', 136.932, 8499.25, 0.00000969993, 0.000000259375, 28.9808),
('97', '10', 136.933, 8524.06, 0.00000962958, 0.000000256802, 28.9891),
('98', '10', 0, 0, 0, 0, 0),
('99', '10', 141.184, 8519.6, 0.0000101332, 0.000000271714, 29.3568),
('100', '10', 141.232, 8527.32, 0.0000101173, 0.000000271124, 29.3563),
('101', '10', 141.926, 8561.25, 0.0000101059, 0.000000270487, 29.5654);

-- --------------------------------------------------------

--
-- Table structure for table `tbl_pelatihan`
--

CREATE TABLE `tbl_pelatihan` (
  `id` int(20) NOT NULL,
  `id_pengguna` varchar(11) NOT NULL,
  `mean` double NOT NULL,
  `variance` double NOT NULL,
  `skewness` double NOT NULL,
  `kurtosis` double NOT NULL,
  `entrophy` double NOT NULL
) ENGINE=InnoDB DEFAULT CHARSET=latin1;

--
-- Dumping data for table `tbl_pelatihan`
--

INSERT INTO `tbl_pelatihan` (`id`, `id_pengguna`, `mean`, `variance`, `skewness`, `kurtosis`, `entrophy`) VALUES
(1, '1', 147.779, 8309.73, 0.0000116497, 0.000000322189, 29.1345),
(2, '1', 147.569, 8313.9, 0.0000116017, 0.00000032045, 29.1321),
(3, '1', 147.443, 8304.68, -0.000000392866, 0.0000000219481, 29.129),
(4, '1', 147.52, 8307.68, 0.0000116232, 0.000000321474, 29.1249),
(5, '1', 147.485, 8303.35, 0.0000116326, 0.000000321829, 29.1262),
(6, '2', 147.038, 8073.64, 0.0000124102, 0.000000351299, 29.0348),
(7, '2', 146.716, 8069.52, 0.0000123745, 0.000000350113, 29.0157),
(8, '2', 146.749, 8068.31, 0.0000123856, 0.000000350557, 29.0205),
(9, '2', 148.611, 8149.87, 0.0000123487, 0.000000347618, 29.2283),
(10, '2', 147.592, 8104.67, 0.0000123719, 0.000000349369, 29.1109),
(11, '3', 148.048, 8256.41, 0.0000118724, 0.000000330022, 28.8529),
(12, '3', 147.837, 8242.92, 0.0000118872, 0.000000330626, 28.8227),
(13, '3', 148.124, 8240.34, 0.0000119392, 0.000000332373, 28.8344),
(14, '3', 148.079, 8251.38, 0.00001189, 0.000000330481, 28.8227),
(15, '3', 147.928, 8248.44, 0.0000118826, 0.000000330448, 28.8324),
(16, '4', 146.651, 8194.38, 0.0000119167, 0.000000333013, 28.8099),
(17, '4', 145.806, 8170.68, 0.0000118777, 0.000000332133, 28.756),
(18, '4', 146.092, 8141.5, 0.0000120265, 0.000000337487, 28.7342),
(19, '4', 146.07, 8175.82, -0.000000360391, 0.0000000223384, 28.7783),
(20, '4', 146.081, 8187.07, 0.0000118576, 0.000000331156, 28.7551),
(21, '5', 139.661, 8175.62, 0.0000110417, 0.000000305983, 28.5585),
(22, '5', 141.742, 8255.94, 0.0000110414, 0.000000304307, 28.8513),
(23, '5', 141.563, 8245.9, -0.000000251708, 0.0000000209611, 28.824),
(24, '5', 140.688, 8237.88, 0.0000109673, 0.000000302451, 28.7274),
(25, '5', 141.661, 8200.03, 0.0000112241, 0.000000311279, 28.7407),
(26, '6', 140.363, 8051.37, 0.0000115348, 0.000000323937, 27.9769),
(27, '6', 140.252, 8046.7, 0.0000115369, 0.000000323992, 28.0033),
(28, '6', 140.596, 8164.36, 0.0000111819, 0.000000310564, 28.0458),
(29, '6', 140.462, 8109.27, 0.0000113554, 0.000000317255, 28.0352),
(30, '6', 140.675, 8132.92, 0.0000113008, 0.000000314928, 27.9674),
(31, '7', 138.537, 7786.35, 0.0000122558, 0.000000352998, 27.9512),
(32, '7', 138.618, 7758.91, 0.0000123712, 0.000000357252, 27.9578),
(33, '7', 138.5, 7726.72, 0.0000124833, 0.000000361717, 27.9332),
(34, '7', 137.849, 7684.17, 0.0000125502, 0.000000364887, 27.9373),
(35, '7', 138.568, 7654.64, 0.0000127909, 0.000000373771, 27.9626),
(36, '8', 138.277, 8296.85, 0.0000104596, 0.000000285407, 28.2718),
(37, '8', 137.225, 8302.1, 0.0000103225, 0.000000281432, 28.2228),
(38, '8', 138.611, 8322.07, 0.0000104287, 0.000000284216, 28.2535),
(39, '8', 137.652, 8325.08, 0.0000102993, 0.000000280137, 28.2377),
(40, '8', 137.282, 8297.73, 0.0000103321, 0.000000281475, 28.1755),
(41, '9', 142.247, 7867.8, 0.0000125172, 0.000000359295, 28.2078),
(42, '9', 141.836, 7865.58, 0.000012454, 0.000000356955, 28.262),
(43, '9', 141.936, 7889.48, 0.0000123774, 0.000000354001, 28.2433),
(44, '9', 141.655, 7906.36, 0.0000122686, 0.000000350071, 28.2139),
(45, '9', 141.754, 7875.88, 0.0000124044, 0.000000355258, 28.2397),
(46, '10', 136.905, 8499.29, 0.00000970694, 0.000000260023, 29.1006),
(47, '10', 137.184, 8487.63, 0.00000977121, 0.000000262088, 29.0659),
(48, '10', 137.29, 8455.43, 0.00000986956, 0.000000265346, 28.9337),
(49, '10', 137.406, 8471.02, 0.00000984415, 0.000000264575, 29.0808),
(50, '10', 137.733, 8491.7, 0.00000982631, 0.000000263751, 29.0377),
(51, '10', 137.075, 8474.66, 0.00000978951, 0.000000262573, 28.9123),
(52, '10', 137.176, 8507.12, 0.00000970686, 0.000000259442, 28.9197),
(53, '9', 141.819, 7881.03, 0.000012394, 0.000000354804, 28.2598),
(54, '9', 141.691, 7901.66, 0.0000122924, 0.000000350986, 28.2745),
(55, '8', 140.547, 8341.19, 0.000010586, 0.000000287919, 28.5544),
(56, '8', 136.066, 8273.02, 0.0000102559, 0.00000027948, 27.8919),
(57, '7', 138.526, 7677.76, 0.0000126877, 0.000000369743, 27.9545),
(58, '7', 138.459, 7642.4, 0.000012821, 0.000000374898, 27.9726),
(59, '6', 140.183, 8055.01, 0.0000115069, 0.000000323155, 27.9231),
(60, '6', 140.132, 8073.24, 0.0000114327, 0.000000320398, 28.0444),
(61, '5', 142.117, 8178.48, 0.0000113623, 0.000000316152, 28.7654),
(62, '5', 142.14, 8085.49, 0.0000116877, 0.000000328148, 28.7589),
(63, '4', 145.845, 8178, 0.0000118573, 0.000000331343, 28.7701),
(64, '4', 144.571, 8066.16, 0.0000120783, 0.000000340325, 28.3816),
(65, '3', 147.894, 8248.82, 0.0000118731, 0.000000330021, 28.8137),
(66, '3', 147.196, 8198.3, 0.0000119588, 0.000000333794, 28.6764),
(67, '2', 147.961, 8104.98, 0.000012422, 0.000000350847, 29.1574),
(68, '2', 147.683, 8117.86, 0.0000123281, 0.000000347476, 29.1524),
(69, '1', 147.442, 8296.96, 0.0000116476, 0.000000322371, 29.1267),
(70, '1', 147.531, 8310.02, 0.0000116154, 0.000000321149, 29.1263),
(71, '10', 141.707, 8478.82, 0.0000103206, 0.000000278114, 29.2513),
(72, '9', 144.208, 8020.16, 0.0000122165, 0.000000346143, 28.5874),
(73, '8', 139.864, 8328.85, 0.0000105426, 0.000000286843, 28.4192),
(74, '7', 140.561, 7819.2, 0.0000124296, 0.0000003576, 28.0223),
(75, '6', 140.391, 7941.28, 0.0000119403, 0.000000339187, 28.0903),
(76, '5', 144.614, 7714.38, 0.000013542, 0.000000397198, 28.7172),
(77, '4', 144.728, 8068.02, 0.000012101, 0.000000341229, 28.3712),
(78, '3', 147.848, 8233.7, 0.000011923, 0.000000331973, 28.8244),
(79, '2', 148.673, 8155.1, 0.0000123405, 0.000000347277, 29.213),
(80, '1', 147.839, 8300.69, 0.0000116965, 0.000000324129, 29.1469),
(81, '10', 141.707, 8478.82, 0.0000103206, 0.000000278114, 29.2513),
(82, '9', 144.208, 8020.16, 0.0000122165, 0.000000346143, 28.5874),
(83, '8', 139.864, 8328.85, 0.0000105426, 0.000000286843, 28.4192),
(84, '7', 140.561, 7819.2, 0.0000124296, 0.0000003576, 28.0223),
(85, '5', 144.614, 7714.38, 0.000013542, 0.000000397198, 28.7172),
(86, '6', 140.391, 7941.28, 0.0000119403, 0.000000339187, 28.0903),
(87, '4', 144.728, 8068.02, 0.000012101, 0.000000341229, 28.3712),
(88, '3', 147.848, 8233.7, 0.000011923, 0.000000331973, 28.8244),
(89, '2', 148.673, 8155.1, 0.0000123405, 0.000000347277, 29.213),
(90, '1', 147.839, 8300.69, 0.0000116965, 0.000000324129, 29.1469);

-- --------------------------------------------------------

--
-- Table structure for table `tbl_pengguna`
--

CREATE TABLE `tbl_pengguna` (
  `id_pengguna` varchar(11) NOT NULL,
  `nama` text,
  `tgl_lahir` date DEFAULT NULL,
  `jk` text,
  `alamat` text
) ENGINE=InnoDB DEFAULT CHARSET=latin1;

--
-- Dumping data for table `tbl_pengguna`
--

INSERT INTO `tbl_pengguna` (`id_pengguna`, `nama`, `tgl_lahir`, `jk`, `alamat`) VALUES
('1', 'Citra Nadya Ulfa', '0000-00-00', 'Perempuan', 'Taluk Kuantan'),
('10', 'Rengga Harsya Abdillah', '0000-00-00', 'Laki - Laki', 'Palembang'),
('2', 'Henny Pratiwi', '0000-00-00', 'Perempuan', 'Rengat'),
('3', 'Hijriah', '0000-00-00', 'Perempuan', 'Bagan Batu'),
('4', 'Ulfah Adzkia', '0000-00-00', 'Perempuan', 'Padang Panjang'),
('5', 'Lukmanul Hakim', '0000-00-00', 'Laki - Laki ', 'Tembilahan'),
('6', 'Salahuddin Firmansyah', '0000-00-00', 'Laki- Laki', 'Tapung'),
('7', 'Joni Saputra', '0000-00-00', 'Laki - laki', 'Pelalawan'),
('8', 'Ali Iqbal', '0000-00-00', 'Laki - laki', 'Bukittinggi'),
('9', 'Muhammad Iqbal', '0000-00-00', 'Laki - Laki', 'Bukittinggi');

-- --------------------------------------------------------

--
-- Table structure for table `temp_y`
--

CREATE TABLE `temp_y` (
  `id_y` int(11) NOT NULL,
  `y` double NOT NULL,
  `t` int(11) NOT NULL
) ENGINE=InnoDB DEFAULT CHARSET=latin1;

--
-- Dumping data for table `temp_y`
--

INSERT INTO `temp_y` (`id_y`, `y`, `t`) VALUES
(1, 0.9991885489596284, 1),
(2, 0.9991858912582655, 1),
(3, 0.9987842113042955, 1),
(4, 0.9991843998404509, 1),
(5, 0.9991839232488444, 1),
(6, 0.9991571214589767, 2),
(7, 0.9991497464891255, 2),
(8, 0.9991508661127593, 2),
(9, 0.9992019086426913, 2),
(10, 0.9991751989018092, 2),
(11, 0.9991547266766941, 3),
(12, 0.9991469250458275, 3),
(13, 0.9991524279383598, 3),
(14, 0.9991506435548354, 3),
(15, 0.999149875609792, 3),
(16, 0.9991257751149909, 4),
(17, 0.9991019375883698, 4),
(18, 0.9991015902898835, 4),
(19, 0.9985122572566677, 4),
(20, 0.999107412555696, 4),
(21, 0.998917812864091, 5),
(22, 0.999047544199268, 5),
(23, 0.9983396543199389, 5),
(24, 0.9989955352972492, 5),
(25, 0.9990186231037728, 5),
(26, 0.9987271245123822, 6),
(27, 0.9987323512618063, 6),
(28, 0.998781747411795, 6),
(29, 0.9987642931308611, 6),
(30, 0.9987498980241926, 6),
(31, 0.9985812372666991, 7),
(32, 0.9985843817846226, 7),
(33, 0.9985600194264035, 7),
(34, 0.9985149635832876, 7),
(35, 0.998569415138337, 7),
(36, 0.9987948772651987, 8),
(37, 0.9987342795664427, 8),
(38, 0.9988060423023583, 8),
(39, 0.9987622302996124, 8),
(40, 0.998715648653248, 8),
(41, 0.9988636236854794, 9),
(42, 0.9988657146851534, 9),
(43, 0.9988657016954366, 9),
(44, 0.9988479250444748, 9),
(45, 0.9988569870820249, 9),
(46, 0.9990116873889145, 10),
(47, 0.9990098425495576, 10),
(48, 0.9989790657794605, 10),
(49, 0.9990164920753198, 10),
(50, 0.9990178903360483, 10),
(51, 0.9989706342972577, 10),
(52, 0.9989790662683767, 10),
(53, 0.9988661911697045, 9),
(54, 0.9988683017191624, 9),
(55, 0.9989597485093326, 8),
(56, 0.9985083698804743, 8),
(57, 0.9985657743249746, 7),
(58, 0.9985659233687209, 7),
(59, 0.9986976781196626, 6),
(60, 0.9987484059405262, 6),
(61, 0.999032575052365, 5),
(62, 0.9990239842627688, 5),
(63, 0.9991053660785087, 4),
(64, 0.9989949306923933, 4),
(65, 0.9991467236602894, 3),
(66, 0.9991131177011288, 3),
(67, 0.9991851064662565, 2),
(68, 0.9991815450621582, 2),
(69, 0.9991831490482436, 1),
(70, 0.9991847627547524, 1),
(71, 0.9991305242203996, 10),
(72, 0.9990297611201685, 9),
(73, 0.9989019001729341, 8),
(74, 0.9987219959399258, 7),
(75, 0.9987581058391654, 6),
(76, 0.9990488939970729, 5),
(77, 0.9989968133754196, 4),
(78, 0.9991468964626937, 3),
(79, 0.9992012146490907, 2),
(80, 0.9991904396881622, 1);

--
-- Indexes for dumped tables
--

--
-- Indexes for table `min_max`
--
ALTER TABLE `min_max`
  ADD PRIMARY KEY (`id_minmax`);

--
-- Indexes for table `tbl_pengguna`
--
ALTER TABLE `tbl_pengguna`
  ADD PRIMARY KEY (`id_pengguna`);

--
-- Indexes for table `temp_y`
--
ALTER TABLE `temp_y`
  ADD PRIMARY KEY (`id_y`);

--
-- AUTO_INCREMENT for dumped tables
--

--
-- AUTO_INCREMENT for table `min_max`
--
ALTER TABLE `min_max`
  MODIFY `id_minmax` int(11) NOT NULL AUTO_INCREMENT, AUTO_INCREMENT=2;

--
-- AUTO_INCREMENT for table `temp_y`
--
ALTER TABLE `temp_y`
  MODIFY `id_y` int(11) NOT NULL AUTO_INCREMENT, AUTO_INCREMENT=81;
COMMIT;

/*!40101 SET CHARACTER_SET_CLIENT=@OLD_CHARACTER_SET_CLIENT */;
/*!40101 SET CHARACTER_SET_RESULTS=@OLD_CHARACTER_SET_RESULTS */;
/*!40101 SET COLLATION_CONNECTION=@OLD_COLLATION_CONNECTION */;
